"label","n","var","coef","se","t","p","stars","ci_lo","ci_hi"
"BL1 M_D1: sunshine_h (weekend interaction model)",5744,"sunshine_h",0.00334708681297951,0.00142433463467655,2.34993008769993,0.0237986477675989,"**",0.000555390929013473,0.00613878269694555
"BL1 M_D1: sunshine_h × is_weekend",5744,"sunshine_h:is_weekend",-0.00274052126438375,0.00142978479450101,-1.91673689279944,0.0624348684447743,"*",-0.00554289946160572,6.18569328382289e-05
"BL1 M_D2: sunshine_h (weekday only)",727,"sunshine_h",0.000801066680915025,0.00168262602936241,0.476081236671804,0.636815757435341,"",-0.00249688033663531,0.00409901369846536
"BL1 M_D3: sunshine_h (weekend only)",5016,"sunshine_h",0.0008111653337381,0.000584056727119524,1.38884682955137,0.172564322973619,"",-0.000333585851416167,0.00195591651889237
"BL2 M_D1: sunshine_h (weekend interaction model)",4580,"sunshine_h",0.00689988088390557,0.00229461098024164,3.00699375332848,0.00389616526212548,"***",0.00240244336263195,0.0113973184051792
"BL2 M_D1: sunshine_h × is_weekend",4580,"sunshine_h:is_weekend",-0.00451996520957543,0.00202882843510863,-2.2278696075814,0.0297821835417175,"**",-0.00849646894238834,-0.000543461476762524
"BL2 M_D2: sunshine_h (weekday only)",1808,"sunshine_h",0.00459406122458145,0.00208059777297268,2.20804870804876,0.0312084781620639,"**",0.000516089589555003,0.00867203285960789
"BL2 M_D3: sunshine_h (weekend only)",2772,"sunshine_h",0.00317364377855564,0.00149890493081345,2.11730825172035,0.0385327503536546,"**",0.00023579011416127,0.00611149744295
"BL1 M8 [ref 10-15]: frost",5744,"temp_bin_ref1015frost",-0.00615520485167145,0.015509725036381,-0.39686099123184,0.693579547234195,"",-0.0365542659229782,0.0242438562196353
"BL1 M8 [ref 10-15]: cold_0_5",5744,"temp_bin_ref1015cold_0_5",-0.0101511580783098,0.00672934497456505,-1.5084912597999,0.139287589198472,"",-0.0233406742284573,0.00303835807183773
"BL1 M8 [ref 10-15]: cool_5_10",5744,"temp_bin_ref1015cool_5_10",0.00289189493079672,0.00738894829391963,0.391381129730798,0.69759273099747,"",-0.0115904437252858,0.0173742335868792
"BL1 M8 [ref 10-15]: mild_15_20",5744,"temp_bin_ref1015mild_15_20",-0.00041507348290363,0.00646775568469893,-0.0641758135492947,0.949149887328213,"",-0.0130918746249135,0.0122617276591063
"BL1 M8 [ref 10-15]: warm_20_25",5744,"temp_bin_ref1015warm_20_25",0.0129288103235188,0.0175438489271015,0.736942638826909,0.465457982930809,"",-0.0214571335736001,0.0473147542206377
"BL1 M8 [ref 10-15]: hot_25plus",5744,"temp_bin_ref1015hot_25plus",-0.0535538691822299,0.0318106549575556,-1.68351985376239,0.100064514985021,"",-0.115902752899039,0.00879501453457904
"BL1 M9 [ref frost]: cold_0_5",5744,"temp_bin_reffrostcold_0_5",-0.00399595322657276,0.0111962251009682,-0.356901829905798,0.7230413116242,"",-0.0259405544244703,0.0179486479713248
"BL1 M9 [ref frost]: cool_5_10",5744,"temp_bin_reffrostcool_5_10",0.00904709978254916,0.0119428719780797,0.757531337450029,0.453171347656718,"",-0.014360929294487,0.0324551288595853
"BL1 M9 [ref frost]: ref_10_15",5744,"temp_bin_reffrostref_10_15",0.00615520485178683,0.0155097214885802,0.396861082020004,0.693579480818816,"",-0.0242438492658303,0.0365542589694039
"BL1 M9 [ref frost]: mild_15_20",5744,"temp_bin_reffrostmild_15_20",0.00574013136887498,0.0166297350545842,0.345172749297209,0.731773086390225,"",-0.02685414933811,0.0383344120758599
"BL1 M9 [ref frost]: warm_20_25",5744,"temp_bin_reffrostwarm_20_25",0.0190840151752944,0.0188766880078481,1.01098323855118,0.318101143422911,"",-0.0179142933200878,0.0560823236706766
"BL1 M9 [ref frost]: hot_25plus",5744,"temp_bin_reffrosthot_25plus",-0.0473986643304609,0.0350685749660633,-1.35159938424443,0.18409798933746,"",-0.116133071263945,0.0213357426030231
"BL2 M8 [ref 10-15]: frost",4580,"temp_bin_ref1015frost",-0.108317372845505,0.0207667784284765,-5.21589678527003,2.55745555400586e-06,"***",-0.149020258565319,-0.0676144871256916
"BL2 M8 [ref 10-15]: cold_0_5",4580,"temp_bin_ref1015cold_0_5",-0.0573297666447399,0.0126322519812454,-4.53836471358039,2.90647264849181e-05,"***",-0.0820889805279809,-0.032570552761499
"BL2 M8 [ref 10-15]: cool_5_10",4580,"temp_bin_ref1015cool_5_10",-0.024305999917584,0.0103106175387035,-2.35737576593693,0.0218002214068563,"**",-0.0445148102934428,-0.00409718954172508
"BL2 M8 [ref 10-15]: mild_15_20",4580,"temp_bin_ref1015mild_15_20",0.0104826626416102,0.012781629820959,0.820135052293646,0.41549693976345,"",-0.0145693318074694,0.0355346570906898
"BL2 M8 [ref 10-15]: warm_20_25",4580,"temp_bin_ref1015warm_20_25",0.0434387721294027,0.0284949886835862,1.52443549326358,0.1328345277233,"",-0.0124114056904261,0.0992889499492316
"BL2 M8 [ref 10-15]: hot_25plus",4580,"temp_bin_ref1015hot_25plus",-0.0287931532037456,0.0563160798657563,-0.511277654133267,0.611097589332462,"",-0.139172669740628,0.0815863633331368
"BL2 M9 [ref frost]: cold_0_5",4580,"temp_bin_reffrostcold_0_5",0.0509876062013868,0.0164548234291954,3.09864195266421,0.00299642860136418,"***",0.0187361522801638,0.0832390601226097
"BL2 M9 [ref frost]: cool_5_10",4580,"temp_bin_reffrostcool_5_10",0.0840113729286579,0.016157495922069,5.19952926702643,2.71567678374886e-06,"***",0.0523426809214027,0.115680064935913
"BL2 M9 [ref frost]: ref_10_15",4580,"temp_bin_reffrostref_10_15",0.108317372846512,0.0207667791400889,5.21589660658606,2.55745723077299e-06,"***",0.0676144857319377,0.149020259961086
"BL2 M9 [ref frost]: mild_15_20",4580,"temp_bin_reffrostmild_15_20",0.118800035488115,0.0227206345473037,5.22872876815026,2.43978902611136e-06,"***",0.0742675917754,0.16333247920083
"BL2 M9 [ref frost]: warm_20_25",4580,"temp_bin_reffrostwarm_20_25",0.151756144975827,0.0381409890140218,3.97882039503581,0.000194885916396677,"***",0.076999806508344,0.226512483443309
"BL2 M9 [ref frost]: hot_25plus",4580,"temp_bin_reffrosthot_25plus",0.0795242196426003,0.0594413075841309,1.33786120922803,0.186163837671745,"",-0.0369807432222962,0.196029182507497
"BL1 M_B1: sunshine_h (with temp_mean)",5744,"sunshine_h",0.000800078570216278,0.00059380287178045,1.34738076934073,0.185440798292307,"",-0.000363775058473404,0.00196393219890596
"BL1 M_B2: sunshine_h (no temp_mean)",5744,"sunshine_h",0.0009644032439585,0.00054883426615142,1.75718482506781,0.0865386991750794,"*",-0.000111311917698283,0.00204011840561528
"BL2 M_B1: sunshine_h (with temp_mean)",4580,"sunshine_h",0.00264600395251502,0.00132162312083244,2.0020866091147,0.0499591455104637,"**",5.56226356834251e-05,0.00523638526934661
"BL2 M_B2: sunshine_h (no temp_mean)",4580,"sunshine_h",0.0041291068734241,0.00142221532380739,2.9032923526447,0.00521489121208109,"***",0.00134156483876162,0.00691664890808658
"BL1 M3: sunshine_h (clustered SE)",5744,"sunshine_h",0.000761179628410938,0.000588611961807245,1.29317730151771,0.203368733953185,"",-0.000392499816731262,0.00191485907355314
"BL1 M3: sunshine_h (robust SE)",5744,"sunshine_h",0.000761179628410938,0.000623912911536022,1.22000941852121,0.222512072090897,"",-0.000461689678199665,0.00198404893502154
"BL2 M3: sunshine_h (clustered SE)",4580,"sunshine_h",0.00255327260760377,0.00130702408367351,1.95350081111555,0.0555894336808248,"*",-8.49459639631423e-06,0.00511503981160385
"BL2 M3: sunshine_h (robust SE)",4580,"sunshine_h",0.00255327260760377,0.00120509607587445,2.11872950109065,0.0341681597817869,"**",0.000191284298889849,0.00491526091631769
